10.5699/modelangrevi.106.2.0621,10.5699/modelangrevi.106.2.0621	,Review	,Roger Cockrell	,The Modern Language Review	,106	,2	,2011-04-01T00:00:00Z	,pp. 621-622	,Modern Humanities Research Association	,fla	,	,
10.5699/modelangrevi.106.2.0556,10.5699/modelangrevi.106.2.0556	,Review	,Sanja Perovic	,The Modern Language Review	,106	,2	,2011-04-01T00:00:00Z	,pp. 556-557	,Modern Humanities Research Association	,fla	,	,
10.5699/modelangrevi.107.1.0312,10.5699/modelangrevi.107.1.0312	,Review	,Jennifer Gosetti-Ferencei	,The Modern Language Review	,107	,1	,2012-01-01T00:00:00Z	,pp. 312-313	,Modern Humanities Research Association	,fla	,	,
10.5699/modelangrevi.106.1.0214,10.5699/modelangrevi.106.1.0214	,Review	,Jane Walling	,The Modern Language Review	,106	,1	,2011-01-01T00:00:00Z	,pp. 214-216	,Modern Humanities Research Association	,fla	,	,
10.5699/modelangrevi.106.4.1135,10.5699/modelangrevi.106.4.1135	,Review	,Pól Ó Dochartaigh	,The Modern Language Review	,106	,4	,2011-10-01T00:00:00Z	,pp. 1135-1136	,Modern Humanities Research Association	,fla	,	,
10.5699/modelangrevi.106.1.0242,10.5699/modelangrevi.106.1.0242	,Review	,Richard Foulkes	,The Modern Language Review	,106	,1	,2011-01-01T00:00:00Z	,pp. 242-243	,Modern Humanities Research Association	,fla	,	,
10.5699/modelangrevi.106.2.0510,10.5699/modelangrevi.106.2.0510	,Review	,Martin Munro	,The Modern Language Review	,106	,2	,2011-04-01T00:00:00Z	,pp. 510-511	,Modern Humanities Research Association	,fla	,	,
10.5699/modelangrevi.106.4.1138,10.5699/modelangrevi.106.4.1138	,Review	,Tom Charlton	,The Modern Language Review	,106	,4	,2011-10-01T00:00:00Z	,pp. 1138-1139	,Modern Humanities Research Association	,fla	,	,
10.5699/modelangrevi.106.2.0588,10.5699/modelangrevi.106.2.0588	,Review	,Carolin Duttlinger	,The Modern Language Review	,106	,2	,2011-04-01T00:00:00Z	,pp. 588-593	,Modern Humanities Research Association	,fla	,	,
10.5699/modelangrevi.106.4.1184,10.5699/modelangrevi.106.4.1184	,Review	,Regina Sachers	,The Modern Language Review	,106	,4	,2011-10-01T00:00:00Z	,pp. 1184-1186	,Modern Humanities Research Association	,fla	,	,
10.5699/modelangrevi.106.1.0249,10.5699/modelangrevi.106.1.0249	,Review	,Victoria Bazin	,The Modern Language Review	,106	,1	,2011-01-01T00:00:00Z	,pp. 249-250	,Modern Humanities Research Association	,fla	,	,
10.5699/modelangrevi.106.1.0260,10.5699/modelangrevi.106.1.0260	,Review	,Louise Crowther	,The Modern Language Review	,106	,1	,2011-01-01T00:00:00Z	,pp. 260-261	,Modern Humanities Research Association	,fla	,	,
10.5699/modelangrevi.106.2.0560,10.5699/modelangrevi.106.2.0560	,Review	,Derek Connon	,The Modern Language Review	,106	,2	,2011-04-01T00:00:00Z	,pp. 560-561	,Modern Humanities Research Association	,fla	,	,
10.5699/modelangrevi.106.2.0579,10.5699/modelangrevi.106.2.0579	,Review	,David Pugh	,The Modern Language Review	,106	,2	,2011-04-01T00:00:00Z	,pp. 579-581	,Modern Humanities Research Association	,fla	,	,
10.5699/modelangrevi.106.3.0859,10.5699/modelangrevi.106.3.0859	,Review	,Daniel Cook	,The Modern Language Review	,106	,3	,2011-07-01T00:00:00Z	,pp. 859-860	,Modern Humanities Research Association	,fla	,	,
10.5699/modelangrevi.106.3.0881,10.5699/modelangrevi.106.3.0881	,Review	,Emma Wagstaff	,The Modern Language Review	,106	,3	,2011-07-01T00:00:00Z	,pp. 881-882	,Modern Humanities Research Association	,fla	,	,
10.5699/modelangrevi.106.1.0223,10.5699/modelangrevi.106.1.0223	,Review	,Andrew Breeze	,The Modern Language Review	,106	,1	,2011-01-01T00:00:00Z	,pp. 223-224	,Modern Humanities Research Association	,fla	,	,
10.5699/modelangrevi.107.1.0330,10.5699/modelangrevi.107.1.0330	,Review	,Ritchie Robertson	,The Modern Language Review	,107	,1	,2012-01-01T00:00:00Z	,pp. 330-331	,Modern Humanities Research Association	,fla	,	,
10.5699/modelangrevi.106.1.0292,10.5699/modelangrevi.106.1.0292	,Review	,Ian Wallace	,The Modern Language Review	,106	,1	,2011-01-01T00:00:00Z	,pp. 292-294	,Modern Humanities Research Association	,fla	,	,
10.5699/modelangrevi.106.1.0306,10.5699/modelangrevi.106.1.0306	,Review	,Jamie Miller	,The Modern Language Review	,106	,1	,2011-01-01T00:00:00Z	,pp. 306-307	,Modern Humanities Research Association	,fla	,	,
10.5699/modelangrevi.106.1.0237,10.5699/modelangrevi.106.1.0237	,Review	,Nicholas Seager	,The Modern Language Review	,106	,1	,2011-01-01T00:00:00Z	,pp. 237-239	,Modern Humanities Research Association	,fla	,	,
10.5699/modelangrevi.106.2.0525,10.5699/modelangrevi.106.2.0525	,Review	,Richard Danson Brown	,The Modern Language Review	,106	,2	,2011-04-01T00:00:00Z	,pp. 525-526	,Modern Humanities Research Association	,fla	,	,
10.5699/modelangrevi.106.2.0542,10.5699/modelangrevi.106.2.0542	,Review	,David Glover	,The Modern Language Review	,106	,2	,2011-04-01T00:00:00Z	,pp. 542-544	,Modern Humanities Research Association	,fla	,	,
10.5699/modelangrevi.106.2.0516,10.5699/modelangrevi.106.2.0516	,Review	,Jeremy Tambling	,The Modern Language Review	,106	,2	,2011-04-01T00:00:00Z	,pp. 516-519	,Modern Humanities Research Association	,fla	,	,
10.5699/modelangrevi.106.4.1150,10.5699/modelangrevi.106.4.1150	,Review	,Alison Williams	,The Modern Language Review	,106	,4	,2011-10-01T00:00:00Z	,pp. 1150-1151	,Modern Humanities Research Association	,fla	,	,
10.5699/modelangrevi.106.3.0876,10.5699/modelangrevi.106.3.0876	,Review	,Timothy Unwin	,The Modern Language Review	,106	,3	,2011-07-01T00:00:00Z	,pp. 876-877	,Modern Humanities Research Association	,fla	,	,
10.5699/modelangrevi.106.4.1169,10.5699/modelangrevi.106.4.1169	,Review	,Oliver Davis	,The Modern Language Review	,106	,4	,2011-10-01T00:00:00Z	,pp. 1169-1170	,Modern Humanities Research Association	,fla	,	,
10.5699/modelangrevi.107.1.0261,10.5699/modelangrevi.107.1.0261	,Review	,John Paul Newman	,The Modern Language Review	,107	,1	,2012-01-01T00:00:00Z	,pp. 261-263	,Modern Humanities Research Association	,fla	,	,
10.5699/modelangrevi.106.4.1125,10.5699/modelangrevi.106.4.1125	,Review	,Elizabeth R. Miller	,The Modern Language Review	,106	,4	,2011-10-01T00:00:00Z	,pp. 1125-1126	,Modern Humanities Research Association	,fla	,	,
10.5699/modelangrevi.106.1.0207,10.5699/modelangrevi.106.1.0207	,Review	,Helen Abbott	,The Modern Language Review	,106	,1	,2011-01-01T00:00:00Z	,pp. 207-209	,Modern Humanities Research Association	,fla	,	,
10.5699/modelangrevi.106.3.0912,10.5699/modelangrevi.106.3.0912	,Review	,Theodore Ziolkowski	,The Modern Language Review	,106	,3	,2011-07-01T00:00:00Z	,pp. 912-914	,Modern Humanities Research Association	,fla	,	,
10.5699/modelangrevi.106.2.0561,10.5699/modelangrevi.106.2.0561	,Review	,Mairéad Hanrahan	,The Modern Language Review	,106	,2	,2011-04-01T00:00:00Z	,pp. 561-562	,Modern Humanities Research Association	,fla	,	,
10.5699/modelangrevi.106.3.0850,10.5699/modelangrevi.106.3.0850	,Review	,Andrew Breeze	,The Modern Language Review	,106	,3	,2011-07-01T00:00:00Z	,pp. 850-853	,Modern Humanities Research Association	,fla	,	,
10.5699/modelangrevi.106.2.0617,10.5699/modelangrevi.106.2.0617	,Review	,Rose Whyman	,The Modern Language Review	,106	,2	,2011-04-01T00:00:00Z	,pp. 617-619	,Modern Humanities Research Association	,fla	,	,
10.5699/modelangrevi.106.1.0231,10.5699/modelangrevi.106.1.0231	,Review	,John Roe	,The Modern Language Review	,106	,1	,2011-01-01T00:00:00Z	,p. 231	,Modern Humanities Research Association	,fla	,	,
10.5699/modelangrevi.106.1.0263,10.5699/modelangrevi.106.1.0263	,Review	,Susan McCready	,The Modern Language Review	,106	,1	,2011-01-01T00:00:00Z	,pp. 263-264	,Modern Humanities Research Association	,fla	,	,
10.5699/modelangrevi.106.2.0554,10.5699/modelangrevi.106.2.0554	,Review	,Thomas Wynn	,The Modern Language Review	,106	,2	,2011-04-01T00:00:00Z	,pp. 554-555	,Modern Humanities Research Association	,fla	,	,
10.5699/modelangrevi.106.4.1206,10.5699/modelangrevi.106.4.1206	,Review	,Muireann Maguire	,The Modern Language Review	,106	,4	,2011-10-01T00:00:00Z	,pp. 1206-1208	,Modern Humanities Research Association	,fla	,	,
10.5699/modelangrevi.106.1.0284,10.5699/modelangrevi.106.1.0284	,Review	,Andrea Reiter	,The Modern Language Review	,106	,1	,2011-01-01T00:00:00Z	,pp. 284-285	,Modern Humanities Research Association	,fla	,	,
10.5699/modelangrevi.106.1.0236,10.5699/modelangrevi.106.1.0236	,Review	,Bonnie Latimer	,The Modern Language Review	,106	,1	,2011-01-01T00:00:00Z	,pp. 236-237	,Modern Humanities Research Association	,fla	,	,
10.5699/modelangrevi.106.1.0309,10.5699/modelangrevi.106.1.0309	,Review	,J. A. Dunn	,The Modern Language Review	,106	,1	,2011-01-01T00:00:00Z	,pp. 309-310	,Modern Humanities Research Association	,fla	,	,
10.5699/modelangrevi.106.2.0547,10.5699/modelangrevi.106.2.0547	,Review	,Richard Danson Brown	,The Modern Language Review	,106	,2	,2011-04-01T00:00:00Z	,pp. 547-548	,Modern Humanities Research Association	,fla	,	,
10.5699/modelangrevi.106.2.0555,10.5699/modelangrevi.106.2.0555	,Review	,Derek Connon	,The Modern Language Review	,106	,2	,2011-04-01T00:00:00Z	,pp. 555-556	,Modern Humanities Research Association	,fla	,	,
10.5699/modelangrevi.106.3.0931,10.5699/modelangrevi.106.3.0931	,Review	,Roger Cockrell	,The Modern Language Review	,106	,3	,2011-07-01T00:00:00Z	,pp. 931-932	,Modern Humanities Research Association	,fla	,	,
10.5699/modelangrevi.106.4.1190,10.5699/modelangrevi.106.4.1190	,Review	,Ernest Schonfield	,The Modern Language Review	,106	,4	,2011-10-01T00:00:00Z	,pp. 1190-1191	,Modern Humanities Research Association	,fla	,	,
10.5699/modelangrevi.106.2.0603,10.5699/modelangrevi.106.2.0603	,Review	,Anne Fuchs	,The Modern Language Review	,106	,2	,2011-04-01T00:00:00Z	,pp. 603-605	,Modern Humanities Research Association	,fla	,	,
10.5699/modelangrevi.107.1.0311,10.5699/modelangrevi.107.1.0311	,Review	,Andrew Barker	,The Modern Language Review	,107	,1	,2012-01-01T00:00:00Z	,pp. 311-312	,Modern Humanities Research Association	,fla	,	,
10.5699/modelangrevi.106.1.0298,10.5699/modelangrevi.106.1.0298	,Review	,David Barnett	,The Modern Language Review	,106	,1	,2011-01-01T00:00:00Z	,pp. 298-299	,Modern Humanities Research Association	,fla	,	,
10.5699/modelangrevi.106.3.0858,10.5699/modelangrevi.106.3.0858	,Review	,Robin Sowerby	,The Modern Language Review	,106	,3	,2011-07-01T00:00:00Z	,pp. 858-859	,Modern Humanities Research Association	,fla	,	,
10.5699/modelangrevi.106.2.0531,10.5699/modelangrevi.106.2.0531	,Review	,Judith Woolf	,The Modern Language Review	,106	,2	,2011-04-01T00:00:00Z	,pp. 531-533	,Modern Humanities Research Association	,fla	,	,
10.5699/modelangrevi.106.4.1149,10.5699/modelangrevi.106.4.1149	,Review	,David Medalie	,The Modern Language Review	,106	,4	,2011-10-01T00:00:00Z	,pp. 1149-1150	,Modern Humanities Research Association	,fla	,	,
10.5699/modelangrevi.106.1.0262,10.5699/modelangrevi.106.1.0262	,Review	,Rodney Sampson	,The Modern Language Review	,106	,1	,2011-01-01T00:00:00Z	,p. 262	,Modern Humanities Research Association	,fla	,	,
10.5699/modelangrevi.106.1.0233a,10.5699/modelangrevi.106.1.0233a	,Review	,Roger Pooley	,The Modern Language Review	,106	,1	,2011-01-01T00:00:00Z	,pp. 233-234	,Modern Humanities Research Association	,fla	,	,
10.5699/modelangrevi.106.4.1199,10.5699/modelangrevi.106.4.1199	,Review	,Michael Eskin	,The Modern Language Review	,106	,4	,2011-10-01T00:00:00Z	,pp. 1199-1200	,Modern Humanities Research Association	,fla	,	,
10.5699/modelangrevi.106.2.0541,10.5699/modelangrevi.106.2.0541	,Review	,William Baker	,The Modern Language Review	,106	,2	,2011-04-01T00:00:00Z	,pp. 541-542	,Modern Humanities Research Association	,fla	,	,
10.5699/modelangrevi.106.3.0904,10.5699/modelangrevi.106.3.0904	,Review	,Birgit Röder	,The Modern Language Review	,106	,3	,2011-07-01T00:00:00Z	,pp. 904-905	,Modern Humanities Research Association	,fla	,	,
10.5699/modelangrevi.106.3.0877,10.5699/modelangrevi.106.3.0877	,Review	,Mamadou Abdoulaye Ly	,The Modern Language Review	,106	,3	,2011-07-01T00:00:00Z	,pp. 877-879	,Modern Humanities Research Association	,fla	,	,
10.5699/modelangrevi.106.3.0844,10.5699/modelangrevi.106.3.0844	,Review	,Mark Robson	,The Modern Language Review	,106	,3	,2011-07-01T00:00:00Z	,pp. 844-846	,Modern Humanities Research Association	,fla	,	,
10.5699/modelangrevi.106.3.0903,10.5699/modelangrevi.106.3.0903	,Review	,Ritchie Robertson	,The Modern Language Review	,106	,3	,2011-07-01T00:00:00Z	,pp. 903-904	,Modern Humanities Research Association	,fla	,	,
10.5699/modelangrevi.106.2.0566,10.5699/modelangrevi.106.2.0566	,Review	,Luciano Parisi	,The Modern Language Review	,106	,2	,2011-04-01T00:00:00Z	,pp. 566-568	,Modern Humanities Research Association	,fla	,	,
10.5699/modelangrevi.106.2.0576,10.5699/modelangrevi.106.2.0576	,Review	,H. B. Nisbet	,The Modern Language Review	,106	,2	,2011-04-01T00:00:00Z	,pp. 576-578	,Modern Humanities Research Association	,fla	,	,
10.5699/modelangrevi.106.2.0602,10.5699/modelangrevi.106.2.0602	,Review	,David Barnett	,The Modern Language Review	,106	,2	,2011-04-01T00:00:00Z	,pp. 602-603	,Modern Humanities Research Association	,fla	,	,
10.5699/modelangrevi.106.2.0558,10.5699/modelangrevi.106.2.0558	,Review	,Andrew J. Counter	,The Modern Language Review	,106	,2	,2011-04-01T00:00:00Z	,pp. 558-559	,Modern Humanities Research Association	,fla	,	,
10.5699/modelangrevi.106.1.0206,10.5699/modelangrevi.106.1.0206	,Review	,Beth Palmer	,The Modern Language Review	,106	,1	,2011-01-01T00:00:00Z	,pp. 206-207	,Modern Humanities Research Association	,fla	,	,
10.5699/modelangrevi.106.3.0871,10.5699/modelangrevi.106.3.0871	,Review	,William Baker	,The Modern Language Review	,106	,3	,2011-07-01T00:00:00Z	,pp. 871-873	,Modern Humanities Research Association	,fla	,	,
10.5699/modelangrevi.106.4.1156,10.5699/modelangrevi.106.4.1156	,Review	,Emma Herdman	,The Modern Language Review	,106	,4	,2011-10-01T00:00:00Z	,pp. 1156-1157	,Modern Humanities Research Association	,fla	,	,
10.5699/modelangrevi.106.1.0233,10.5699/modelangrevi.106.1.0233	,Review	,Philip Major	,The Modern Language Review	,106	,1	,2011-01-01T00:00:00Z	,p. 233	,Modern Humanities Research Association	,fla	,	,
10.5699/modelangrevi.106.2.0553,10.5699/modelangrevi.106.2.0553	,Review	,Ursula Haskins Gonthier	,The Modern Language Review	,106	,2	,2011-04-01T00:00:00Z	,pp. 553-554	,Modern Humanities Research Association	,fla	,	,
10.5699/modelangrevi.106.2.0545,10.5699/modelangrevi.106.2.0545	,Review	,Denis Flannery	,The Modern Language Review	,106	,2	,2011-04-01T00:00:00Z	,pp. 545-547	,Modern Humanities Research Association	,fla	,	,
10.5699/modelangrevi.106.3.0911,10.5699/modelangrevi.106.3.0911	,Review	,Sabine Müller	,The Modern Language Review	,106	,3	,2011-07-01T00:00:00Z	,pp. 911-912	,Modern Humanities Research Association	,fla	,	,
10.5699/modelangrevi.106.4.1179,10.5699/modelangrevi.106.4.1179	,Review	,Sarah Bowskill	,The Modern Language Review	,106	,4	,2011-10-01T00:00:00Z	,pp. 1179-1181	,Modern Humanities Research Association	,fla	,	,
10.5699/modelangrevi.107.1.0318,10.5699/modelangrevi.107.1.0318	,Review	,Richard Dove	,The Modern Language Review	,107	,1	,2012-01-01T00:00:00Z	,pp. 318-319	,Modern Humanities Research Association	,fla	,	,
10.5699/modelangrevi.106.2.0530,10.5699/modelangrevi.106.2.0530	,Review	,Trev Broughton	,The Modern Language Review	,106	,2	,2011-04-01T00:00:00Z	,pp. 530-531	,Modern Humanities Research Association	,fla	,	,
10.5699/modelangrevi.106.2.0600,10.5699/modelangrevi.106.2.0600	,Review	,Katharina Hall	,The Modern Language Review	,106	,2	,2011-04-01T00:00:00Z	,pp. 600-601	,Modern Humanities Research Association	,fla	,	,
10.5699/modelangrevi.106.2.0537,10.5699/modelangrevi.106.2.0537	,Review	,Mark W. Turner	,The Modern Language Review	,106	,2	,2011-04-01T00:00:00Z	,pp. 537-539	,Modern Humanities Research Association	,fla	,	,
10.5699/modelangrevi.106.2.0524,10.5699/modelangrevi.106.2.0524	,Review	,Helen Barker	,The Modern Language Review	,106	,2	,2011-04-01T00:00:00Z	,pp. 524-525	,Modern Humanities Research Association	,fla	,	,
10.5699/modelangrevi.106.3.0862,10.5699/modelangrevi.106.3.0862	,Review	,Massimo Bacigalupo	,The Modern Language Review	,106	,3	,2011-07-01T00:00:00Z	,pp. 862-863	,Modern Humanities Research Association	,fla	,	,
10.5699/modelangrevi.106.2.0581,10.5699/modelangrevi.106.2.0581	,Review	,Joachim Whaley	,The Modern Language Review	,106	,2	,2011-04-01T00:00:00Z	,pp. 581-582	,Modern Humanities Research Association	,fla	,	,
10.5699/modelangrevi.106.1.0212,10.5699/modelangrevi.106.1.0212	,Review	,Richard Sheppard	,The Modern Language Review	,106	,1	,2011-01-01T00:00:00Z	,pp. 212-214	,Modern Humanities Research Association	,fla	,	,
10.5699/modelangrevi.106.2.0607,10.5699/modelangrevi.106.2.0607	,Review	,Roger Paulin	,The Modern Language Review	,106	,2	,2011-04-01T00:00:00Z	,pp. 607-609	,Modern Humanities Research Association	,fla	,	,
10.5699/modelangrevi.106.2.0549,10.5699/modelangrevi.106.2.0549	,Review	,Judith Weiss	,The Modern Language Review	,106	,2	,2011-04-01T00:00:00Z	,pp. 549-550	,Modern Humanities Research Association	,fla	,	,
10.5699/modelangrevi.107.1.0331,10.5699/modelangrevi.107.1.0331	,Review	,Roger Cockrell	,The Modern Language Review	,107	,1	,2012-01-01T00:00:00Z	,pp. 331-333	,Modern Humanities Research Association	,fla	,	,
10.5699/modelangrevi.107.1.0316,10.5699/modelangrevi.107.1.0316	,Review	,Peter Zusi	,The Modern Language Review	,107	,1	,2012-01-01T00:00:00Z	,pp. 316-318	,Modern Humanities Research Association	,fla	,	,
10.5699/modelangrevi.107.1.0285,10.5699/modelangrevi.107.1.0285	,Review	,Rosalind Brown-Grant	,The Modern Language Review	,107	,1	,2012-01-01T00:00:00Z	,pp. 285-286	,Modern Humanities Research Association	,fla	,	,
10.5699/modelangrevi.106.4.1162,10.5699/modelangrevi.106.4.1162	,Review	,Kathrin Yacavone	,The Modern Language Review	,106	,4	,2011-10-01T00:00:00Z	,pp. 1162-1163	,Modern Humanities Research Association	,fla	,	,
10.5699/modelangrevi.106.3.0906,10.5699/modelangrevi.106.3.0906	,Review	,Lara Elder	,The Modern Language Review	,106	,3	,2011-07-01T00:00:00Z	,pp. 906-907	,Modern Humanities Research Association	,fla	,	,
10.5699/modelangrevi.106.1.0295,10.5699/modelangrevi.106.1.0295	,Review	,Daria Santini	,The Modern Language Review	,106	,1	,2011-01-01T00:00:00Z	,pp. 295-296	,Modern Humanities Research Association	,fla	,	,
10.5699/modelangrevi.106.4.1176,10.5699/modelangrevi.106.4.1176	,Review	,Elena Lombardi	,The Modern Language Review	,106	,4	,2011-10-01T00:00:00Z	,pp. 1176-1178	,Modern Humanities Research Association	,fla	,	,
10.5699/modelangrevi.106.2.0564,10.5699/modelangrevi.106.2.0564	,Review	,Jane E. Everson	,The Modern Language Review	,106	,2	,2011-04-01T00:00:00Z	,pp. 564-566	,Modern Humanities Research Association	,fla	,	,
10.5699/modelangrevi.106.2.0562,10.5699/modelangrevi.106.2.0562	,Review	,Peter Dunwoodie	,The Modern Language Review	,106	,2	,2011-04-01T00:00:00Z	,pp. 562-563	,Modern Humanities Research Association	,fla	,	,
10.5699/modelangrevi.106.4.1167,10.5699/modelangrevi.106.4.1167	,Review	,Colin Wright	,The Modern Language Review	,106	,4	,2011-10-01T00:00:00Z	,pp. 1167-1168	,Modern Humanities Research Association	,fla	,	,
10.5699/modelangrevi.106.2.0512,10.5699/modelangrevi.106.2.0512	,Review	,Joseph Acquisto	,The Modern Language Review	,106	,2	,2011-04-01T00:00:00Z	,pp. 512-513	,Modern Humanities Research Association	,fla	,	,
10.5699/modelangrevi.106.3.0884,10.5699/modelangrevi.106.3.0884	,Review	,Diana Holmes	,The Modern Language Review	,106	,3	,2011-07-01T00:00:00Z	,pp. 884-885	,Modern Humanities Research Association	,fla	,	,
10.5699/modelangrevi.107.1.0295,10.5699/modelangrevi.107.1.0295	,Review	,R. J. Oakley	,The Modern Language Review	,107	,1	,2012-01-01T00:00:00Z	,pp. 295-296	,Modern Humanities Research Association	,fla	,	,
10.5699/modelangrevi.106.3.0873,10.5699/modelangrevi.106.3.0873	,Review	,Romira Worvill	,The Modern Language Review	,106	,3	,2011-07-01T00:00:00Z	,pp. 873-874	,Modern Humanities Research Association	,fla	,	,
10.5699/modelangrevi.106.1.0224,10.5699/modelangrevi.106.1.0224	,Review	,Gillian Austen	,The Modern Language Review	,106	,1	,2011-01-01T00:00:00Z	,pp. 224-226	,Modern Humanities Research Association	,fla	,	,
10.5699/modelangrevi.107.1.0289,10.5699/modelangrevi.107.1.0289	,Review	,Marion Schmid	,The Modern Language Review	,107	,1	,2012-01-01T00:00:00Z	,pp. 289-290	,Modern Humanities Research Association	,fla	,	,
10.5699/modelangrevi.106.4.1165,10.5699/modelangrevi.106.4.1165	,Review	,Andrew Rothwell	,The Modern Language Review	,106	,4	,2011-10-01T00:00:00Z	,p. 1165	,Modern Humanities Research Association	,fla	,	,
10.5699/modelangrevi.107.1.0300,10.5699/modelangrevi.107.1.0300	,Review	,John L. Flood	,The Modern Language Review	,107	,1	,2012-01-01T00:00:00Z	,pp. 300-302	,Modern Humanities Research Association	,fla	,	,
10.5699/modelangrevi.106.3.0869,10.5699/modelangrevi.106.3.0869	,Review	,David Punter	,The Modern Language Review	,106	,3	,2011-07-01T00:00:00Z	,pp. 869-870	,Modern Humanities Research Association	,fla	,	,
10.5699/modelangrevi.107.1.0326,10.5699/modelangrevi.107.1.0326	,Review	,Nicholas Saul	,The Modern Language Review	,107	,1	,2012-01-01T00:00:00Z	,pp. 326-327	,Modern Humanities Research Association	,fla	,	,
10.5699/modelangrevi.107.1.0260,10.5699/modelangrevi.107.1.0260	,Review	,Felizitas Ringham	,The Modern Language Review	,107	,1	,2012-01-01T00:00:00Z	,pp. 260-261	,Modern Humanities Research Association	,fla	,	,
10.5699/modelangrevi.106.2.0522,10.5699/modelangrevi.106.2.0522	,Review	,Andrew Breeze	,The Modern Language Review	,106	,2	,2011-04-01T00:00:00Z	,pp. 522-523	,Modern Humanities Research Association	,fla	,	,
10.5699/modelangrevi.106.1.0254,10.5699/modelangrevi.106.1.0254	,Review	,Paul Crosthwaite	,The Modern Language Review	,106	,1	,2011-01-01T00:00:00Z	,pp. 254-256	,Modern Humanities Research Association	,fla	,	,
10.5699/modelangrevi.106.4.1145,10.5699/modelangrevi.106.4.1145	,Review	,Ella Dzelzainis	,The Modern Language Review	,106	,4	,2011-10-01T00:00:00Z	,pp. 1145-1146	,Modern Humanities Research Association	,fla	,	,
10.5699/modelangrevi.106.3.0874,10.5699/modelangrevi.106.3.0874	,Review	,Malcolm Cook	,The Modern Language Review	,106	,3	,2011-07-01T00:00:00Z	,pp. 874-875	,Modern Humanities Research Association	,fla	,	,
10.5699/modelangrevi.106.2.0536,10.5699/modelangrevi.106.2.0536	,Review	,Leonee Ormond	,The Modern Language Review	,106	,2	,2011-04-01T00:00:00Z	,pp. 536-537	,Modern Humanities Research Association	,fla	,	,
10.5699/modelangrevi.106.1.0269,10.5699/modelangrevi.106.1.0269	,Review	,Rhian Davies	,The Modern Language Review	,106	,1	,2011-01-01T00:00:00Z	,pp. 269-270	,Modern Humanities Research Association	,fla	,	,
10.5699/modelangrevi.107.1.0315,10.5699/modelangrevi.107.1.0315	,Review	,Caitríona Ní Dhúill	,The Modern Language Review	,107	,1	,2012-01-01T00:00:00Z	,pp. 315-316	,Modern Humanities Research Association	,fla	,	,
10.5699/modelangrevi.106.1.0210,10.5699/modelangrevi.106.1.0210	,Review	,W. J. Dodd	,The Modern Language Review	,106	,1	,2011-01-01T00:00:00Z	,pp. 210-212	,Modern Humanities Research Association	,fla	,	,
10.5699/modelangrevi.106.1.0246,10.5699/modelangrevi.106.1.0246	,Review	,Leonee Ormond	,The Modern Language Review	,106	,1	,2011-01-01T00:00:00Z	,pp. 246-247	,Modern Humanities Research Association	,fla	,	,
10.5699/modelangrevi.107.1.0273,10.5699/modelangrevi.107.1.0273	,Review	,Monika Smialkowska	,The Modern Language Review	,107	,1	,2012-01-01T00:00:00Z	,pp. 273-274	,Modern Humanities Research Association	,fla	,	,
10.5699/modelangrevi.106.4.1131,10.5699/modelangrevi.106.4.1131	,Review	,Robin Howells	,The Modern Language Review	,106	,4	,2011-10-01T00:00:00Z	,pp. 1131-1132	,Modern Humanities Research Association	,fla	,	,
10.5699/modelangrevi.106.1.0299,10.5699/modelangrevi.106.1.0299	,Review	,J. H. Reid	,The Modern Language Review	,106	,1	,2011-01-01T00:00:00Z	,pp. 299-300	,Modern Humanities Research Association	,fla	,	,
10.5699/modelangrevi.106.3.0835,10.5699/modelangrevi.106.3.0835	,Review	,Richard Danson Brown	,The Modern Language Review	,106	,3	,2011-07-01T00:00:00Z	,pp. 835-836	,Modern Humanities Research Association	,fla	,	,
10.5699/modelangrevi.106.4.1200,10.5699/modelangrevi.106.4.1200	,Review	,Dagmar C. G. Lorenz	,The Modern Language Review	,106	,4	,2011-10-01T00:00:00Z	,pp. 1200-1202	,Modern Humanities Research Association	,fla	,	,
10.5699/modelangrevi.106.3.0875,10.5699/modelangrevi.106.3.0875	,Review	,Roger Little	,The Modern Language Review	,106	,3	,2011-07-01T00:00:00Z	,pp. 875-876	,Modern Humanities Research Association	,fla	,	,
10.5699/modelangrevi.106.2.0584,10.5699/modelangrevi.106.2.0584	,Review	,Todd Kontje	,The Modern Language Review	,106	,2	,2011-04-01T00:00:00Z	,pp. 584-586	,Modern Humanities Research Association	,fla	,	,
10.5699/modelangrevi.106.2.0559,10.5699/modelangrevi.106.2.0559	,Review	,Alison S. Fell	,The Modern Language Review	,106	,2	,2011-04-01T00:00:00Z	,pp. 559-560	,Modern Humanities Research Association	,fla	,	,
10.5699/modelangrevi.106.3.0891,10.5699/modelangrevi.106.3.0891	,Review	,Jonathan Bradbury	,The Modern Language Review	,106	,3	,2011-07-01T00:00:00Z	,pp. 891-892	,Modern Humanities Research Association	,fla	,	,
10.5699/modelangrevi.106.1.0244,10.5699/modelangrevi.106.1.0244	,Review	,Marcus Waithe	,The Modern Language Review	,106	,1	,2011-01-01T00:00:00Z	,pp. 244-245	,Modern Humanities Research Association	,fla	,	,
10.5699/modelangrevi.106.2.0605,10.5699/modelangrevi.106.2.0605	,Review	,Stacy Hartman	,The Modern Language Review	,106	,2	,2011-04-01T00:00:00Z	,pp. 605-606	,Modern Humanities Research Association	,fla	,	,
10.5699/modelangrevi.106.4.1182,10.5699/modelangrevi.106.4.1182	,Review	,John Guthrie	,The Modern Language Review	,106	,4	,2011-10-01T00:00:00Z	,pp. 1182-1184	,Modern Humanities Research Association	,fla	,	,
10.5699/modelangrevi.107.1.0296,10.5699/modelangrevi.107.1.0296	,Review	,Helena Buffery	,The Modern Language Review	,107	,1	,2012-01-01T00:00:00Z	,pp. 296-298	,Modern Humanities Research Association	,fla	,	,
10.5699/modelangrevi.106.1.0257,10.5699/modelangrevi.106.1.0257	,Review	,Sophie Marnette	,The Modern Language Review	,106	,1	,2011-01-01T00:00:00Z	,pp. 257-258	,Modern Humanities Research Association	,fla	,	,
10.5699/modelangrevi.106.2.0552,10.5699/modelangrevi.106.2.0552	,Review	,David Adams	,The Modern Language Review	,106	,2	,2011-04-01T00:00:00Z	,pp. 552-553	,Modern Humanities Research Association	,fla	,	,
10.5699/modelangrevi.107.1.0292,10.5699/modelangrevi.107.1.0292	,Review	,Simon Gilson	,The Modern Language Review	,107	,1	,2012-01-01T00:00:00Z	,pp. 292-293	,Modern Humanities Research Association	,fla	,	,
10.5699/modelangrevi.106.1.0288,10.5699/modelangrevi.106.1.0288	,Review	,Andrew Barker	,The Modern Language Review	,106	,1	,2011-01-01T00:00:00Z	,pp. 288-289	,Modern Humanities Research Association	,fla	,	,
10.5699/modelangrevi.106.4.1203,10.5699/modelangrevi.106.4.1203	,Review	,Anne White	,The Modern Language Review	,106	,4	,2011-10-01T00:00:00Z	,pp. 1203-1205	,Modern Humanities Research Association	,fla	,	,
10.5699/modelangrevi.106.4.1142,10.5699/modelangrevi.106.4.1142	,Review	,Catherine Maxwell	,The Modern Language Review	,106	,4	,2011-10-01T00:00:00Z	,pp. 1142-1144	,Modern Humanities Research Association	,fla	,	,
10.5699/modelangrevi.106.4.1129,10.5699/modelangrevi.106.4.1129	,Review	,Damian Catani	,The Modern Language Review	,106	,4	,2011-10-01T00:00:00Z	,pp. 1129-1131	,Modern Humanities Research Association	,fla	,	,
10.5699/modelangrevi.106.1.0279,10.5699/modelangrevi.106.1.0279	,Review	,Steffan Davies	,The Modern Language Review	,106	,1	,2011-01-01T00:00:00Z	,pp. 279-280	,Modern Humanities Research Association	,fla	,	,
10.5699/modelangrevi.106.2.0606,10.5699/modelangrevi.106.2.0606	,Review	,Brian Keith-Smith	,The Modern Language Review	,106	,2	,2011-04-01T00:00:00Z	,pp. 606-607	,Modern Humanities Research Association	,fla	,	,
10.5699/modelangrevi.106.3.0899,10.5699/modelangrevi.106.3.0899	,Review	,K. F. Hilliard	,The Modern Language Review	,106	,3	,2011-07-01T00:00:00Z	,pp. 899-901	,Modern Humanities Research Association	,fla	,	,
10.5699/modelangrevi.106.3.0902,10.5699/modelangrevi.106.3.0902	,Review	,Howard Gaskill	,The Modern Language Review	,106	,3	,2011-07-01T00:00:00Z	,pp. 902-903	,Modern Humanities Research Association	,fla	,	,
10.5699/modelangrevi.107.1.0271,10.5699/modelangrevi.107.1.0271	,Review	,Richard Danson Brown	,The Modern Language Review	,107	,1	,2012-01-01T00:00:00Z	,pp. 271-272	,Modern Humanities Research Association	,fla	,	,
10.5699/modelangrevi.106.4.1187,10.5699/modelangrevi.106.4.1187	,Review	,Paul Bishop	,The Modern Language Review	,106	,4	,2011-10-01T00:00:00Z	,pp. 1187-1188	,Modern Humanities Research Association	,fla	,	,
10.5699/modelangrevi.106.3.0860,10.5699/modelangrevi.106.3.0860	,Review	,Keith Hanley	,The Modern Language Review	,106	,3	,2011-07-01T00:00:00Z	,pp. 860-862	,Modern Humanities Research Association	,fla	,	,
10.5699/modelangrevi.106.2.0601,10.5699/modelangrevi.106.2.0601	,Review	,J. H. Reid	,The Modern Language Review	,106	,2	,2011-04-01T00:00:00Z	,pp. 601-602	,Modern Humanities Research Association	,fla	,	,
10.5699/modelangrevi.106.2.0515,10.5699/modelangrevi.106.2.0515	,Review	,Paul Wake	,The Modern Language Review	,106	,2	,2011-04-01T00:00:00Z	,pp. 515-516	,Modern Humanities Research Association	,fla	,	,
10.5699/modelangrevi.106.3.0867,10.5699/modelangrevi.106.3.0867	,Review	,William Baker	,The Modern Language Review	,106	,3	,2011-07-01T00:00:00Z	,pp. 867-869	,Modern Humanities Research Association	,fla	,	,
10.5699/modelangrevi.106.2.0598,10.5699/modelangrevi.106.2.0598	,Review	,Cathy Gelbin	,The Modern Language Review	,106	,2	,2011-04-01T00:00:00Z	,pp. 598-600	,Modern Humanities Research Association	,fla	,	,
10.5699/modelangrevi.106.1.0289,10.5699/modelangrevi.106.1.0289	,Review	,Sarah V. Eldridge	,The Modern Language Review	,106	,1	,2011-01-01T00:00:00Z	,pp. 289-290	,Modern Humanities Research Association	,fla	,	,
10.5699/modelangrevi.106.1.0220,10.5699/modelangrevi.106.1.0220	,Review	,Peter Hunt	,The Modern Language Review	,106	,1	,2011-01-01T00:00:00Z	,pp. 220-223	,Modern Humanities Research Association	,fla	,	,
10.5699/modelangrevi.106.3.0892,10.5699/modelangrevi.106.3.0892	,Review	,Nicholas Roberts	,The Modern Language Review	,106	,3	,2011-07-01T00:00:00Z	,pp. 892-894	,Modern Humanities Research Association	,fla	,	,
10.5699/modelangrevi.106.3.0848,10.5699/modelangrevi.106.3.0848	,Review	,Daniel Cook	,The Modern Language Review	,106	,3	,2011-07-01T00:00:00Z	,pp. 848-850	,Modern Humanities Research Association	,fla	,	,
10.5699/modelangrevi.106.3.0898,10.5699/modelangrevi.106.3.0898	,Review	,Hilary Brown	,The Modern Language Review	,106	,3	,2011-07-01T00:00:00Z	,pp. 898-899	,Modern Humanities Research Association	,fla	,	,
10.5699/modelangrevi.106.1.0275,10.5699/modelangrevi.106.1.0275	,Review	,Anna Linton	,The Modern Language Review	,106	,1	,2011-01-01T00:00:00Z	,pp. 275-276	,Modern Humanities Research Association	,fla	,	,
10.5699/modelangrevi.106.1.0301,10.5699/modelangrevi.106.1.0301	,Review	,Jennifer E. Michaels	,The Modern Language Review	,106	,1	,2011-01-01T00:00:00Z	,pp. 301-302	,Modern Humanities Research Association	,fla	,	,
10.5699/modelangrevi.106.1.0296,10.5699/modelangrevi.106.1.0296	,Review	,Charmian Brinson	,The Modern Language Review	,106	,1	,2011-01-01T00:00:00Z	,pp. 296-297	,Modern Humanities Research Association	,fla	,	,
10.5699/modelangrevi.107.1.0290,10.5699/modelangrevi.107.1.0290	,Review	,John Took	,The Modern Language Review	,107	,1	,2012-01-01T00:00:00Z	,pp. 290-292	,Modern Humanities Research Association	,fla	,	,
10.5699/modelangrevi.106.3.0834,10.5699/modelangrevi.106.3.0834	,Review	,Andrew Breeze	,The Modern Language Review	,106	,3	,2011-07-01T00:00:00Z	,pp. 834-835	,Modern Humanities Research Association	,fla	,	,
10.5699/modelangrevi.106.2.0583,10.5699/modelangrevi.106.2.0583	,Review	,Peter Skrine	,The Modern Language Review	,106	,2	,2011-04-01T00:00:00Z	,pp. 583-584	,Modern Humanities Research Association	,fla	,	,
10.5699/modelangrevi.106.3.0919,10.5699/modelangrevi.106.3.0919	,Review	,Julian Preece	,The Modern Language Review	,106	,3	,2011-07-01T00:00:00Z	,pp. 919-921	,Modern Humanities Research Association	,fla	,	,
10.5699/modelangrevi.106.4.1146,10.5699/modelangrevi.106.4.1146	,Review	,Edward Larrissy	,The Modern Language Review	,106	,4	,2011-10-01T00:00:00Z	,pp. 1146-1148	,Modern Humanities Research Association	,fla	,	,
10.5699/modelangrevi.106.4.1194,10.5699/modelangrevi.106.4.1194	,Review	,Edward Saunders	,The Modern Language Review	,106	,4	,2011-10-01T00:00:00Z	,p. 1194	,Modern Humanities Research Association	,fla	,	,
10.5699/modelangrevi.106.4.1153,10.5699/modelangrevi.106.4.1153	,Review	,Penny Simons	,The Modern Language Review	,106	,4	,2011-10-01T00:00:00Z	,pp. 1153-1154	,Modern Humanities Research Association	,fla	,	,
10.5699/modelangrevi.106.2.0544,10.5699/modelangrevi.106.2.0544	,Review	,Jeremy Hawthorn	,The Modern Language Review	,106	,2	,2011-04-01T00:00:00Z	,pp. 544-545	,Modern Humanities Research Association	,fla	,	,
10.5699/modelangrevi.106.4.1198,10.5699/modelangrevi.106.4.1198	,Review	,David Barnett	,The Modern Language Review	,106	,4	,2011-10-01T00:00:00Z	,p. 1198	,Modern Humanities Research Association	,fla	,	,
10.5699/modelangrevi.106.2.0534,10.5699/modelangrevi.106.2.0534	,Review	,Alistair M. Duckworth	,The Modern Language Review	,106	,2	,2011-04-01T00:00:00Z	,pp. 534-536	,Modern Humanities Research Association	,fla	,	,
10.5699/modelangrevi.106.2.0502,10.5699/modelangrevi.106.2.0502	,Review	,W. J. Dodd	,The Modern Language Review	,106	,2	,2011-04-01T00:00:00Z	,pp. 502-503	,Modern Humanities Research Association	,fla	,	,
10.5699/modelangrevi.106.1.0286,10.5699/modelangrevi.106.1.0286	,Review	,Daria Santini	,The Modern Language Review	,106	,1	,2011-01-01T00:00:00Z	,pp. 286-287	,Modern Humanities Research Association	,fla	,	,
10.5699/modelangrevi.106.2.0548,10.5699/modelangrevi.106.2.0548	,Review	,Daron Burrows	,The Modern Language Review	,106	,2	,2011-04-01T00:00:00Z	,pp. 548-549	,Modern Humanities Research Association	,fla	,	,
10.5699/modelangrevi.106.4.1168,10.5699/modelangrevi.106.4.1168	,Review	,Sophie Smith	,The Modern Language Review	,106	,4	,2011-10-01T00:00:00Z	,pp. 1168-1169	,Modern Humanities Research Association	,fla	,	,
10.5699/modelangrevi.106.3.0837,10.5699/modelangrevi.106.3.0837	,Review	,Gillian Dow	,The Modern Language Review	,106	,3	,2011-07-01T00:00:00Z	,pp. 837-838	,Modern Humanities Research Association	,fla	,	,
10.5699/modelangrevi.106.3.0915,10.5699/modelangrevi.106.3.0915	,Review	,J. M. Ritchie	,The Modern Language Review	,106	,3	,2011-07-01T00:00:00Z	,pp. 915-916	,Modern Humanities Research Association	,fla	,	,
10.5699/modelangrevi.106.3.0866,10.5699/modelangrevi.106.3.0866	,Review	,Pat Righelato	,The Modern Language Review	,106	,3	,2011-07-01T00:00:00Z	,pp. 866-867	,Modern Humanities Research Association	,fla	,	,
10.5699/modelangrevi.107.1.0267,10.5699/modelangrevi.107.1.0267	,Review	,Roger Pooley	,The Modern Language Review	,107	,1	,2012-01-01T00:00:00Z	,pp. 267-268	,Modern Humanities Research Association	,fla	,	,
10.5699/modelangrevi.107.1.0304,10.5699/modelangrevi.107.1.0304	,Review	,Angus Nicholls	,The Modern Language Review	,107	,1	,2012-01-01T00:00:00Z	,pp. 304-306	,Modern Humanities Research Association	,fla	,	,
10.5699/modelangrevi.106.2.0612,10.5699/modelangrevi.106.2.0612	,Review	,Andreas Schönle	,The Modern Language Review	,106	,2	,2011-04-01T00:00:00Z	,pp. 612-613	,Modern Humanities Research Association	,fla	,	,
10.5699/modelangrevi.106.4.1191,10.5699/modelangrevi.106.4.1191	,Review	,Ritchie Robertson	,The Modern Language Review	,106	,4	,2011-10-01T00:00:00Z	,pp. 1191-1192	,Modern Humanities Research Association	,fla	,	,
10.5699/modelangrevi.106.4.1140,10.5699/modelangrevi.106.4.1140	,Review	,Marialuisa Bignami	,The Modern Language Review	,106	,4	,2011-10-01T00:00:00Z	,p. 1140	,Modern Humanities Research Association	,fla	,	,
10.5699/modelangrevi.106.2.0527,10.5699/modelangrevi.106.2.0527	,Review	,Andrew Breeze	,The Modern Language Review	,106	,2	,2011-04-01T00:00:00Z	,pp. 527-528	,Modern Humanities Research Association	,fla	,	,
10.5699/modelangrevi.106.3.0932,10.5699/modelangrevi.106.3.0932	,Review	,Marsha Siefert	,The Modern Language Review	,106	,3	,2011-07-01T00:00:00Z	,pp. 932-934	,Modern Humanities Research Association	,fla	,	,
10.5699/modelangrevi.107.1.0259,10.5699/modelangrevi.107.1.0259	,Review	,Diane Nelson	,The Modern Language Review	,107	,1	,2012-01-01T00:00:00Z	,pp. 259-260	,Modern Humanities Research Association	,fla	,	,
10.5699/modelangrevi.107.1.0278,10.5699/modelangrevi.107.1.0278	,Review	,Jeremy Tambling	,The Modern Language Review	,107	,1	,2012-01-01T00:00:00Z	,pp. 278-279	,Modern Humanities Research Association	,fla	,	,
10.5699/modelangrevi.106.2.0586,10.5699/modelangrevi.106.2.0586	,Review	,Florian Krobb	,The Modern Language Review	,106	,2	,2011-04-01T00:00:00Z	,pp. 586-587	,Modern Humanities Research Association	,fla	,	,
10.5699/modelangrevi.106.3.0889,10.5699/modelangrevi.106.3.0889	,Review	,Derek Duncan	,The Modern Language Review	,106	,3	,2011-07-01T00:00:00Z	,pp. 889-890	,Modern Humanities Research Association	,fla	,	,
10.5699/modelangrevi.106.4.1126,10.5699/modelangrevi.106.4.1126	,Review	,Eszter Nucz	Zoltán Kövecses	,The Modern Language Review	,106	,4	,2011-10-01T00:00:00Z	,pp. 1126-1128	,Modern Humanities Research Association	,fla	,	,
10.5699/modelangrevi.106.1.0287,10.5699/modelangrevi.106.1.0287	,Review	,Helen Bridge	,The Modern Language Review	,106	,1	,2011-01-01T00:00:00Z	,pp. 287-288	,Modern Humanities Research Association	,fla	,	,
10.5699/modelangrevi.106.1.0198,10.5699/modelangrevi.106.1.0198	,Review	,John Woodhouse	,The Modern Language Review	,106	,1	,2011-01-01T00:00:00Z	,pp. 198-200	,Modern Humanities Research Association	,fla	,	,
10.5699/modelangrevi.107.1.0275,10.5699/modelangrevi.107.1.0275	,Review	,Gillian Avery	,The Modern Language Review	,107	,1	,2012-01-01T00:00:00Z	,pp. 275-276	,Modern Humanities Research Association	,fla	,	,
10.5699/modelangrevi.106.4.1140a,10.5699/modelangrevi.106.4.1140a	,Review	,Gregory Tate	,The Modern Language Review	,106	,4	,2011-10-01T00:00:00Z	,pp. 1140-1142	,Modern Humanities Research Association	,fla	,	,
10.5699/modelangrevi.107.1.0309,10.5699/modelangrevi.107.1.0309	,Review	,Jeffrey L. Sammons	,The Modern Language Review	,107	,1	,2012-01-01T00:00:00Z	,pp. 309-310	,Modern Humanities Research Association	,fla	,	,
10.5699/modelangrevi.107.1.0320,10.5699/modelangrevi.107.1.0320	,Review	,Stuart Taberner	,The Modern Language Review	,107	,1	,2012-01-01T00:00:00Z	,pp. 320-321	,Modern Humanities Research Association	,fla	,	,
10.5699/modelangrevi.106.3.0914,10.5699/modelangrevi.106.3.0914	,Review	,Alfred D. White	,The Modern Language Review	,106	,3	,2011-07-01T00:00:00Z	,pp. 914-915	,Modern Humanities Research Association	,fla	,	,
10.5699/modelangrevi.106.1.0232,10.5699/modelangrevi.106.1.0232	,Review	,Philip Major	,The Modern Language Review	,106	,1	,2011-01-01T00:00:00Z	,p. 232	,Modern Humanities Research Association	,fla	,	,
10.5699/modelangrevi.106.2.0574,10.5699/modelangrevi.106.2.0574	,Review	,Thomas Martinec	,The Modern Language Review	,106	,2	,2011-04-01T00:00:00Z	,pp. 574-575	,Modern Humanities Research Association	,fla	,	,
10.5699/modelangrevi.107.1.0277,10.5699/modelangrevi.107.1.0277	,Review	,Robert Crawford	,The Modern Language Review	,107	,1	,2012-01-01T00:00:00Z	,pp. 277-278	,Modern Humanities Research Association	,fla	,	,
10.5699/modelangrevi.106.2.0593,10.5699/modelangrevi.106.2.0593	,Review	,Emily Troscianko	,The Modern Language Review	,106	,2	,2011-04-01T00:00:00Z	,pp. 593-594	,Modern Humanities Research Association	,fla	,	,
10.5699/modelangrevi.107.1.0282,10.5699/modelangrevi.107.1.0282	,Review	,Matthew Paul Carlson	,The Modern Language Review	,107	,1	,2012-01-01T00:00:00Z	,pp. 282-283	,Modern Humanities Research Association	,fla	,	,
10.5699/modelangrevi.106.2.0610,10.5699/modelangrevi.106.2.0610	,Review	,Ritchie Robertson	,The Modern Language Review	,106	,2	,2011-04-01T00:00:00Z	,pp. 610-612	,Modern Humanities Research Association	,fla	,	,
10.5699/modelangrevi.107.1.0306,10.5699/modelangrevi.107.1.0306	,Review	,Seán Allan	,The Modern Language Review	,107	,1	,2012-01-01T00:00:00Z	,pp. 306-307	,Modern Humanities Research Association	,fla	,	,
10.5699/modelangrevi.106.1.0251,10.5699/modelangrevi.106.1.0251	,Review	,Paul Crosthwaite	,The Modern Language Review	,106	,1	,2011-01-01T00:00:00Z	,pp. 251-253	,Modern Humanities Research Association	,fla	,	,
10.5699/modelangrevi.106.4.1136,10.5699/modelangrevi.106.4.1136	,Review	,Joseph Acquisto	,The Modern Language Review	,106	,4	,2011-10-01T00:00:00Z	,pp. 1136-1138	,Modern Humanities Research Association	,fla	,	,
10.5699/modelangrevi.106.1.0240,10.5699/modelangrevi.106.1.0240	,Review	,Tim Fulford	,The Modern Language Review	,106	,1	,2011-01-01T00:00:00Z	,pp. 240-242	,Modern Humanities Research Association	,fla	,	,
10.5699/modelangrevi.106.1.0277,10.5699/modelangrevi.106.1.0277	,Review	,Susanne Kord	,The Modern Language Review	,106	,1	,2011-01-01T00:00:00Z	,pp. 277-279	,Modern Humanities Research Association	,fla	,	,
10.5699/modelangrevi.107.1.0323,10.5699/modelangrevi.107.1.0323	,Review	,David Barnett	,The Modern Language Review	,107	,1	,2012-01-01T00:00:00Z	,pp. 323-324	,Modern Humanities Research Association	,fla	,	,
10.5699/modelangrevi.106.2.0587,10.5699/modelangrevi.106.2.0587	,Review	,Ingo Cornils	,The Modern Language Review	,106	,2	,2011-04-01T00:00:00Z	,pp. 587-588	,Modern Humanities Research Association	,fla	,	,
10.5699/modelangrevi.106.3.0846,10.5699/modelangrevi.106.3.0846	,Review	,Lawrence F. Rhu	,The Modern Language Review	,106	,3	,2011-07-01T00:00:00Z	,pp. 846-848	,Modern Humanities Research Association	,fla	,	,
10.5699/modelangrevi.106.1.0303,10.5699/modelangrevi.106.1.0303	,Review	,Peter Sjølyst-Jackson	,The Modern Language Review	,106	,1	,2011-01-01T00:00:00Z	,pp. 303-304	,Modern Humanities Research Association	,fla	,	,
10.5699/modelangrevi.106.4.1155,10.5699/modelangrevi.106.4.1155	,Review	,Françoise Le Saux	,The Modern Language Review	,106	,4	,2011-10-01T00:00:00Z	,pp. 1155-1156	,Modern Humanities Research Association	,fla	,	,
10.5699/modelangrevi.106.1.0259,10.5699/modelangrevi.106.1.0259	,Review	,Roger Little	,The Modern Language Review	,106	,1	,2011-01-01T00:00:00Z	,pp. 259-260	,Modern Humanities Research Association	,fla	,	,
10.5699/modelangrevi.106.3.0901,10.5699/modelangrevi.106.3.0901	,Review	,Florian Krobb	,The Modern Language Review	,106	,3	,2011-07-01T00:00:00Z	,pp. 901-902	,Modern Humanities Research Association	,fla	,	,
10.5699/modelangrevi.106.4.1151,10.5699/modelangrevi.106.4.1151	,Review	,David Trotter	,The Modern Language Review	,106	,4	,2011-10-01T00:00:00Z	,pp. 1151-1152	,Modern Humanities Research Association	,fla	,	,
10.5699/modelangrevi.106.2.0509,10.5699/modelangrevi.106.2.0509	,Review	,Theodore Ziolkowski	,The Modern Language Review	,106	,2	,2011-04-01T00:00:00Z	,pp. 509-510	,Modern Humanities Research Association	,fla	,	,
10.5699/modelangrevi.106.1.0234,10.5699/modelangrevi.106.1.0234	,Review	,Niall MacKenzie	,The Modern Language Review	,106	,1	,2011-01-01T00:00:00Z	,pp. 234-236	,Modern Humanities Research Association	,fla	,	,
10.5699/modelangrevi.107.1.0280,10.5699/modelangrevi.107.1.0280	,Review	,Ben Moore	,The Modern Language Review	,107	,1	,2012-01-01T00:00:00Z	,pp. 280-281	,Modern Humanities Research Association	,fla	,	,
10.5699/modelangrevi.107.1.0313,10.5699/modelangrevi.107.1.0313	,Review	,Ritchie Robertson	,The Modern Language Review	,107	,1	,2012-01-01T00:00:00Z	,pp. 313-314	,Modern Humanities Research Association	,fla	,	,
10.5699/modelangrevi.106.1.0291,10.5699/modelangrevi.106.1.0291	,Review	,Pól Ó Dochartaigh	,The Modern Language Review	,106	,1	,2011-01-01T00:00:00Z	,pp. 291-292	,Modern Humanities Research Association	,fla	,	,
10.5699/modelangrevi.106.3.0838,10.5699/modelangrevi.106.3.0838	,Review	,Louise Seaward	,The Modern Language Review	,106	,3	,2011-07-01T00:00:00Z	,pp. 838-839	,Modern Humanities Research Association	,fla	,	,
10.5699/modelangrevi.106.1.0270,10.5699/modelangrevi.106.1.0270	,Review	,Rhian Davies	,The Modern Language Review	,106	,1	,2011-01-01T00:00:00Z	,pp. 270-271	,Modern Humanities Research Association	,fla	,	,
10.5699/modelangrevi.106.4.1157,10.5699/modelangrevi.106.4.1157	,Review	,Kristen Irwin	,The Modern Language Review	,106	,4	,2011-10-01T00:00:00Z	,pp. 1157-1159	,Modern Humanities Research Association	,fla	,	,
10.5699/modelangrevi.107.1.0263,10.5699/modelangrevi.107.1.0263	,Review	,Peter Zusi	,The Modern Language Review	,107	,1	,2012-01-01T00:00:00Z	,pp. 263-265	,Modern Humanities Research Association	,fla	,	,
10.5699/modelangrevi.106.2.0582,10.5699/modelangrevi.106.2.0582	,Review	,Sarah V. Eldridge	,The Modern Language Review	,106	,2	,2011-04-01T00:00:00Z	,pp. 582-583	,Modern Humanities Research Association	,fla	,	,
10.5699/modelangrevi.106.4.1196,10.5699/modelangrevi.106.4.1196	,Review	,Elizabeth Boa	,The Modern Language Review	,106	,4	,2011-10-01T00:00:00Z	,pp. 1196-1197	,Modern Humanities Research Association	,fla	,	,
10.5699/modelangrevi.106.1.0290,10.5699/modelangrevi.106.1.0290	,Review	,Ingo Cornils	,The Modern Language Review	,106	,1	,2011-01-01T00:00:00Z	,pp. 290-291	,Modern Humanities Research Association	,fla	,	,
10.5699/modelangrevi.106.4.1128,10.5699/modelangrevi.106.4.1128	,Review	,Marialuisa Bignami	,The Modern Language Review	,106	,4	,2011-10-01T00:00:00Z	,pp. 1128-1129	,Modern Humanities Research Association	,fla	,	,
10.5699/modelangrevi.106.2.0594,10.5699/modelangrevi.106.2.0594	,Review	,Matthew Philpotts	,The Modern Language Review	,106	,2	,2011-04-01T00:00:00Z	,pp. 594-595	,Modern Humanities Research Association	,fla	,	,
10.5699/modelangrevi.106.2.0503,10.5699/modelangrevi.106.2.0503	,Review	,Rebecca Braun	,The Modern Language Review	,106	,2	,2011-04-01T00:00:00Z	,pp. 503-504	,Modern Humanities Research Association	,fla	,	,
10.5699/modelangrevi.106.4.1160,10.5699/modelangrevi.106.4.1160	,Review	,Robert Singer	,The Modern Language Review	,106	,4	,2011-10-01T00:00:00Z	,pp. 1160-1161	,Modern Humanities Research Association	,fla	,	,
10.5699/modelangrevi.106.2.0506,10.5699/modelangrevi.106.2.0506	,Review	,Florian Krobb	,The Modern Language Review	,106	,2	,2011-04-01T00:00:00Z	,pp. 506-507	,Modern Humanities Research Association	,fla	,	,
10.5699/modelangrevi.106.2.0616,10.5699/modelangrevi.106.2.0616	,Review	,Ruth Coates	,The Modern Language Review	,106	,2	,2011-04-01T00:00:00Z	,pp. 616-617	,Modern Humanities Research Association	,fla	,	,
10.5699/modelangrevi.106.4.1195,10.5699/modelangrevi.106.4.1195	,Review	,Ian Wallace	,The Modern Language Review	,106	,4	,2011-10-01T00:00:00Z	,pp. 1195-1196	,Modern Humanities Research Association	,fla	,	,
10.5699/modelangrevi.106.2.0578,10.5699/modelangrevi.106.2.0578	,Review	,Regina Sachers	,The Modern Language Review	,106	,2	,2011-04-01T00:00:00Z	,pp. 578-579	,Modern Humanities Research Association	,fla	,	,
10.5699/modelangrevi.106.3.0840,10.5699/modelangrevi.106.3.0840	,Review	,Jean Andrews	,The Modern Language Review	,106	,3	,2011-07-01T00:00:00Z	,pp. 840-841	,Modern Humanities Research Association	,fla	,	,
10.5699/modelangrevi.106.1.0271,10.5699/modelangrevi.106.1.0271	,Review	,Patricia Anne Odber de Baubeta	,The Modern Language Review	,106	,1	,2011-01-01T00:00:00Z	,pp. 271-272	,Modern Humanities Research Association	,fla	,	,
10.5699/modelangrevi.106.3.0883,10.5699/modelangrevi.106.3.0883	,Review	,Marie-Claire Barnet	,The Modern Language Review	,106	,3	,2011-07-01T00:00:00Z	,pp. 883-884	,Modern Humanities Research Association	,fla	,	,
10.5699/modelangrevi.106.1.0196,10.5699/modelangrevi.106.1.0196	,Review	,Andrew Breeze	,The Modern Language Review	,106	,1	,2011-01-01T00:00:00Z	,pp. 196-197	,Modern Humanities Research Association	,fla	,	,
10.5699/modelangrevi.106.2.0575,10.5699/modelangrevi.106.2.0575	,Review	,H. B. Nisbet	,The Modern Language Review	,106	,2	,2011-04-01T00:00:00Z	,pp. 575-576	,Modern Humanities Research Association	,fla	,	,
10.5699/modelangrevi.106.3.0896,10.5699/modelangrevi.106.3.0896	,Review	,Shami Ghosh	,The Modern Language Review	,106	,3	,2011-07-01T00:00:00Z	,pp. 896-898	,Modern Humanities Research Association	,fla	,	,
10.5699/modelangrevi.106.1.0258,10.5699/modelangrevi.106.1.0258	,Review	,John Campbell	,The Modern Language Review	,106	,1	,2011-01-01T00:00:00Z	,pp. 258-259	,Modern Humanities Research Association	,fla	,	,
10.5699/modelangrevi.106.1.0253,10.5699/modelangrevi.106.1.0253	,Review	,Samuel Thomas	,The Modern Language Review	,106	,1	,2011-01-01T00:00:00Z	,pp. 253-254	,Modern Humanities Research Association	,fla	,	,
10.5699/modelangrevi.106.2.0504,10.5699/modelangrevi.106.2.0504	,Review	,Marialuisa Bignami	,The Modern Language Review	,106	,2	,2011-04-01T00:00:00Z	,pp. 504-505	,Modern Humanities Research Association	,fla	,	,
10.5699/modelangrevi.106.2.0595,10.5699/modelangrevi.106.2.0595	,Review	,Peter Thompson	,The Modern Language Review	,106	,2	,2011-04-01T00:00:00Z	,pp. 595-596	,Modern Humanities Research Association	,fla	,	,
10.5699/modelangrevi.107.1.0265,10.5699/modelangrevi.107.1.0265	,Review	,Mark C. Amodio	,The Modern Language Review	,107	,1	,2012-01-01T00:00:00Z	,pp. 265-267	,Modern Humanities Research Association	,fla	,	,
10.5699/modelangrevi.107.1.0274,10.5699/modelangrevi.107.1.0274	,Review	,Leonee Ormond	,The Modern Language Review	,107	,1	,2012-01-01T00:00:00Z	,pp. 274-275	,Modern Humanities Research Association	,fla	,	,
10.5699/modelangrevi.106.4.1178,10.5699/modelangrevi.106.4.1178	,Review	,Jonathan Bradbury	,The Modern Language Review	,106	,4	,2011-10-01T00:00:00Z	,pp. 1178-1179	,Modern Humanities Research Association	,fla	,	,
10.5699/modelangrevi.106.4.1133,10.5699/modelangrevi.106.4.1133	,Review	,Stefano Evangelista	,The Modern Language Review	,106	,4	,2011-10-01T00:00:00Z	,pp. 1133-1134	,Modern Humanities Research Association	,fla	,	,
10.5699/modelangrevi.107.1.0327,10.5699/modelangrevi.107.1.0327	,Review	,Alan Bance	,The Modern Language Review	,107	,1	,2012-01-01T00:00:00Z	,pp. 327-328	,Modern Humanities Research Association	,fla	,	,
10.5699/modelangrevi.107.1.0286,10.5699/modelangrevi.107.1.0286	,Review	,Floriane Place-Verghnes	,The Modern Language Review	,107	,1	,2012-01-01T00:00:00Z	,pp. 286-287	,Modern Humanities Research Association	,fla	,	,
10.5699/modelangrevi.107.1.0319,10.5699/modelangrevi.107.1.0319	,Review	,Ian Wallace	,The Modern Language Review	,107	,1	,2012-01-01T00:00:00Z	,pp. 319-320	,Modern Humanities Research Association	,fla	,	,
10.5699/modelangrevi.106.1.0250,10.5699/modelangrevi.106.1.0250	,Review	,Victoria Bazin	,The Modern Language Review	,106	,1	,2011-01-01T00:00:00Z	,pp. 250-251	,Modern Humanities Research Association	,fla	,	,
10.5699/modelangrevi.106.4.1163,10.5699/modelangrevi.106.4.1163	,Review	,Anwen Jones	,The Modern Language Review	,106	,4	,2011-10-01T00:00:00Z	,pp. 1163-1164	,Modern Humanities Research Association	,fla	,	,
10.5699/modelangrevi.106.3.0879,10.5699/modelangrevi.106.3.0879	,Review	,Seán Hand	,The Modern Language Review	,106	,3	,2011-07-01T00:00:00Z	,pp. 879-880	,Modern Humanities Research Association	,fla	,	,
10.5699/modelangrevi.106.1.0307,10.5699/modelangrevi.106.1.0307	,Review	,Marianna Taymanova	,The Modern Language Review	,106	,1	,2011-01-01T00:00:00Z	,pp. 307-309	,Modern Humanities Research Association	,fla	,	,
10.5699/modelangrevi.106.2.0596,10.5699/modelangrevi.106.2.0596	,Review	,Gwendolen Webster	,The Modern Language Review	,106	,2	,2011-04-01T00:00:00Z	,pp. 596-598	,Modern Humanities Research Association	,fla	,	,
10.5699/modelangrevi.106.4.1148,10.5699/modelangrevi.106.4.1148	,Review	,Arin Keeble	,The Modern Language Review	,106	,4	,2011-10-01T00:00:00Z	,pp. 1148-1149	,Modern Humanities Research Association	,fla	,	,
10.5699/modelangrevi.107.1.0302,10.5699/modelangrevi.107.1.0302	,Review	,Hilda Meldrum Brown	,The Modern Language Review	,107	,1	,2012-01-01T00:00:00Z	,pp. 302-304	,Modern Humanities Research Association	,fla	,	,
10.5699/modelangrevi.107.1.0324,10.5699/modelangrevi.107.1.0324	,Review	,Stacy Hartman	,The Modern Language Review	,107	,1	,2012-01-01T00:00:00Z	,pp. 324-326	,Modern Humanities Research Association	,fla	,	,
10.5699/modelangrevi.106.1.0256,10.5699/modelangrevi.106.1.0256	,Review	,Thomas Hinton	,The Modern Language Review	,106	,1	,2011-01-01T00:00:00Z	,pp. 256-257	,Modern Humanities Research Association	,fla	,	,
10.5699/modelangrevi.106.1.0197,10.5699/modelangrevi.106.1.0197	,Review	,Peter Brown	,The Modern Language Review	,106	,1	,2011-01-01T00:00:00Z	,pp. 197-198	,Modern Humanities Research Association	,fla	,	,
10.5699/modelangrevi.106.3.0929,10.5699/modelangrevi.106.3.0929	,Review	,John Guthrie	,The Modern Language Review	,106	,3	,2011-07-01T00:00:00Z	,pp. 929-931	,Modern Humanities Research Association	,fla	,	,
10.5699/modelangrevi.106.1.0294,10.5699/modelangrevi.106.1.0294	,Review	,J. M. Ritchie	,The Modern Language Review	,106	,1	,2011-01-01T00:00:00Z	,pp. 294-295	,Modern Humanities Research Association	,fla	,	,
10.5699/modelangrevi.106.3.0865,10.5699/modelangrevi.106.3.0865	,Review	,Margaret Storch	,The Modern Language Review	,106	,3	,2011-07-01T00:00:00Z	,pp. 865-866	,Modern Humanities Research Association	,fla	,	,
10.5699/modelangrevi.106.1.0245,10.5699/modelangrevi.106.1.0245	,Review	,J. R. Watson	,The Modern Language Review	,106	,1	,2011-01-01T00:00:00Z	,pp. 245-246	,Modern Humanities Research Association	,fla	,	,
10.5699/modelangrevi.106.3.0910,10.5699/modelangrevi.106.3.0910	,Review	,Ritchie Robertson	,The Modern Language Review	,106	,3	,2011-07-01T00:00:00Z	,pp. 910-911	,Modern Humanities Research Association	,fla	,	,
10.5699/modelangrevi.106.4.1171,10.5699/modelangrevi.106.4.1171	,Review	,Alison Williams	,The Modern Language Review	,106	,4	,2011-10-01T00:00:00Z	,pp. 1171-1172	,Modern Humanities Research Association	,fla	,	,
10.5699/modelangrevi.106.4.1144,10.5699/modelangrevi.106.4.1144	,Review	,Rachel Dickinson	,The Modern Language Review	,106	,4	,2011-10-01T00:00:00Z	,pp. 1144-1145	,Modern Humanities Research Association	,fla	,	,
10.5699/modelangrevi.107.1.0328,10.5699/modelangrevi.107.1.0328	,Review	,Roger Paulin	,The Modern Language Review	,107	,1	,2012-01-01T00:00:00Z	,pp. 328-330	,Modern Humanities Research Association	,fla	,	,
10.5699/modelangrevi.106.3.0863,10.5699/modelangrevi.106.3.0863	,Review	,John Harvey	,The Modern Language Review	,106	,3	,2011-07-01T00:00:00Z	,pp. 863-864	,Modern Humanities Research Association	,fla	,	,
10.5699/modelangrevi.106.2.0572,10.5699/modelangrevi.106.2.0572	,Review	,John L. Flood	,The Modern Language Review	,106	,2	,2011-04-01T00:00:00Z	,pp. 572-574	,Modern Humanities Research Association	,fla	,	,
10.5699/modelangrevi.106.1.0195,10.5699/modelangrevi.106.1.0195	,Review	,Nigel Harris	,The Modern Language Review	,106	,1	,2011-01-01T00:00:00Z	,pp. 195-196	,Modern Humanities Research Association	,fla	,	,
10.5699/modelangrevi.106.3.0894,10.5699/modelangrevi.106.3.0894	,Review	,Sheila Watts	,The Modern Language Review	,106	,3	,2011-07-01T00:00:00Z	,pp. 894-895	,Modern Humanities Research Association	,fla	,	,
10.5699/modelangrevi.106.1.0264,10.5699/modelangrevi.106.1.0264	,Review	,Derek Connon	,The Modern Language Review	,106	,1	,2011-01-01T00:00:00Z	,p. 264	,Modern Humanities Research Association	,fla	,	,
10.5699/modelangrevi.106.4.1205,10.5699/modelangrevi.106.4.1205	,Review	,Patrick O'Meara	,The Modern Language Review	,106	,4	,2011-10-01T00:00:00Z	,pp. 1205-1206	,Modern Humanities Research Association	,fla	,	,
10.5699/modelangrevi.106.4.1172,10.5699/modelangrevi.106.4.1172	,Review	,Alan O'Leary	,The Modern Language Review	,106	,4	,2011-10-01T00:00:00Z	,pp. 1172-1174	,Modern Humanities Research Association	,fla	,	,
10.5699/modelangrevi.106.2.0507,10.5699/modelangrevi.106.2.0507	,Review	,James Hodkinson	,The Modern Language Review	,106	,2	,2011-04-01T00:00:00Z	,pp. 507-509	,Modern Humanities Research Association	,fla	,	,
10.5699/modelangrevi.106.1.0272,10.5699/modelangrevi.106.1.0272	,Review	,Nils Langer	,The Modern Language Review	,106	,1	,2011-01-01T00:00:00Z	,pp. 272-274	,Modern Humanities Research Association	,fla	,	,
10.5699/modelangrevi.107.1.0268,10.5699/modelangrevi.107.1.0268	,Review	,Andrew Hadfield	,The Modern Language Review	,107	,1	,2012-01-01T00:00:00Z	,pp. 268-269	,Modern Humanities Research Association	,fla	,	,
10.5699/modelangrevi.107.1.0307,10.5699/modelangrevi.107.1.0307	,Review	,John Osborne	,The Modern Language Review	,107	,1	,2012-01-01T00:00:00Z	,pp. 307-309	,Modern Humanities Research Association	,fla	,	,
10.5699/modelangrevi.106.3.0907,10.5699/modelangrevi.106.3.0907	,Review	,Jeffrey L. Sammons	,The Modern Language Review	,106	,3	,2011-07-01T00:00:00Z	,pp. 907-908	,Modern Humanities Research Association	,fla	,	,
10.5699/modelangrevi.106.1.0280,10.5699/modelangrevi.106.1.0280	,Review	,Osman Durrani	,The Modern Language Review	,106	,1	,2011-01-01T00:00:00Z	,pp. 280-281	,Modern Humanities Research Association	,fla	,	,
10.5699/modelangrevi.106.2.0569,10.5699/modelangrevi.106.2.0569	,Review	,Jane Lavery	,The Modern Language Review	,106	,2	,2011-04-01T00:00:00Z	,pp. 569-571	,Modern Humanities Research Association	,fla	,	,
10.5699/modelangrevi.107.1.0299,10.5699/modelangrevi.107.1.0299	,Review	,Sarah Bowden	,The Modern Language Review	,107	,1	,2012-01-01T00:00:00Z	,pp. 299-300	,Modern Humanities Research Association	,fla	,	,
10.5699/modelangrevi.106.3.0926,10.5699/modelangrevi.106.3.0926	,Review	,Rebecca Braun	,The Modern Language Review	,106	,3	,2011-07-01T00:00:00Z	,pp. 926-929	,Modern Humanities Research Association	,fla	,	,
10.5699/modelangrevi.107.1.0283,10.5699/modelangrevi.107.1.0283	,Review	,Peter Fifield	,The Modern Language Review	,107	,1	,2012-01-01T00:00:00Z	,pp. 283-284	,Modern Humanities Research Association	,fla	,	,
10.5699/modelangrevi.107.1.0298,10.5699/modelangrevi.107.1.0298	,Review	,Eamon McCarthy	,The Modern Language Review	,107	,1	,2012-01-01T00:00:00Z	,pp. 298-299	,Modern Humanities Research Association	,fla	,	,
10.5699/modelangrevi.106.3.0857,10.5699/modelangrevi.106.3.0857	,Review	,Monika Smialkowska	,The Modern Language Review	,106	,3	,2011-07-01T00:00:00Z	,pp. 857-858	,Modern Humanities Research Association	,fla	,	,
10.5699/modelangrevi.106.3.0895,10.5699/modelangrevi.106.3.0895	,Review	,Stephen Mossman	,The Modern Language Review	,106	,3	,2011-07-01T00:00:00Z	,pp. 895-896	,Modern Humanities Research Association	,fla	,	,
10.5699/modelangrevi.106.2.0568,10.5699/modelangrevi.106.2.0568	,Review	,Francesca Billiani	,The Modern Language Review	,106	,2	,2011-04-01T00:00:00Z	,pp. 568-569	,Modern Humanities Research Association	,fla	,	,
10.5699/modelangrevi.106.1.0302,10.5699/modelangrevi.106.1.0302	,Review	,Elizabeth Loentz	,The Modern Language Review	,106	,1	,2011-01-01T00:00:00Z	,pp. 302-303	,Modern Humanities Research Association	,fla	,	,
10.5699/modelangrevi.106.3.0917,10.5699/modelangrevi.106.3.0917	,Review	,Gerrit-Jan Berendse	,The Modern Language Review	,106	,3	,2011-07-01T00:00:00Z	,pp. 917-919	,Modern Humanities Research Association	,fla	,	,
10.5699/modelangrevi.106.4.1186,10.5699/modelangrevi.106.4.1186	,Review	,Carol Tully	,The Modern Language Review	,106	,4	,2011-10-01T00:00:00Z	,p. 1186	,Modern Humanities Research Association	,fla	,	,
10.5699/modelangrevi.106.3.0841,10.5699/modelangrevi.106.3.0841	,Review	,David Murphy	,The Modern Language Review	,106	,3	,2011-07-01T00:00:00Z	,pp. 841-842	,Modern Humanities Research Association	,fla	,	,
10.5699/modelangrevi.106.1.0209,10.5699/modelangrevi.106.1.0209	,Review	,W. E. Yates	,The Modern Language Review	,106	,1	,2011-01-01T00:00:00Z	,pp. 209-210	,Modern Humanities Research Association	,fla	,	,
10.5699/modelangrevi.106.1.0267,10.5699/modelangrevi.106.1.0267	,Review	,Tristan Kay	,The Modern Language Review	,106	,1	,2011-01-01T00:00:00Z	,pp. 267-269	,Modern Humanities Research Association	,fla	,	,
10.5699/modelangrevi.106.4.1189,10.5699/modelangrevi.106.4.1189	,Review	,Florian Krobb	,The Modern Language Review	,106	,4	,2011-10-01T00:00:00Z	,pp. 1189-1190	,Modern Humanities Research Association	,fla	,	,
10.5699/modelangrevi.106.4.1202,10.5699/modelangrevi.106.4.1202	,Review	,Siobhán Donovan	,The Modern Language Review	,106	,4	,2011-10-01T00:00:00Z	,pp. 1202-1203	,Modern Humanities Research Association	,fla	,	,
10.5699/modelangrevi.106.4.1181,10.5699/modelangrevi.106.4.1181	,Review	,Ritchie Robertson	,The Modern Language Review	,106	,4	,2011-10-01T00:00:00Z	,pp. 1181-1182	,Modern Humanities Research Association	,fla	,	,
10.5699/modelangrevi.106.2.0571,10.5699/modelangrevi.106.2.0571	,Review	,Shami Ghosh	,The Modern Language Review	,106	,2	,2011-04-01T00:00:00Z	,pp. 571-572	,Modern Humanities Research Association	,fla	,	,
10.5699/modelangrevi.106.1.0226,10.5699/modelangrevi.106.1.0226	,Review	,Tom Rutter	,The Modern Language Review	,106	,1	,2011-01-01T00:00:00Z	,pp. 226-227	,Modern Humanities Research Association	,fla	,	,
10.5699/modelangrevi.106.2.0550,10.5699/modelangrevi.106.2.0550	,Review	,Glynn Hesketh	,The Modern Language Review	,106	,2	,2011-04-01T00:00:00Z	,pp. 550-551	,Modern Humanities Research Association	,fla	,	,
10.5699/modelangrevi.106.3.0885,10.5699/modelangrevi.106.3.0885	,Review	,Nadia Cannata Salamone	,The Modern Language Review	,106	,3	,2011-07-01T00:00:00Z	,pp. 885-887	,Modern Humanities Research Association	,fla	,	,
10.5699/modelangrevi.106.1.0281,10.5699/modelangrevi.106.1.0281	,Review	,Andrew Cusack	,The Modern Language Review	,106	,1	,2011-01-01T00:00:00Z	,pp. 281-282	,Modern Humanities Research Association	,fla	,	,
10.5699/modelangrevi.107.1.0288,10.5699/modelangrevi.107.1.0288	,Review	,Helen Abbott	,The Modern Language Review	,107	,1	,2012-01-01T00:00:00Z	,pp. 288-289	,Modern Humanities Research Association	,fla	,	,
10.5699/modelangrevi.106.3.0853,10.5699/modelangrevi.106.3.0853	,Review	,Adele Lee	,The Modern Language Review	,106	,3	,2011-07-01T00:00:00Z	,pp. 853-854	,Modern Humanities Research Association	,fla	,	,
10.5699/modelangrevi.106.1.0274,10.5699/modelangrevi.106.1.0274	,Review	,Shami Ghosh	,The Modern Language Review	,106	,1	,2011-01-01T00:00:00Z	,pp. 274-275	,Modern Humanities Research Association	,fla	,	,
10.5699/modelangrevi.106.3.0922,10.5699/modelangrevi.106.3.0922	,Review	,Brian Keith-Smith	,The Modern Language Review	,106	,3	,2011-07-01T00:00:00Z	,pp. 922-923	,Modern Humanities Research Association	,fla	,	,
10.5699/modelangrevi.107.1.0333,10.5699/modelangrevi.107.1.0333	,Review	,Siggy Frank	,The Modern Language Review	,107	,1	,2012-01-01T00:00:00Z	,pp. 333-335	,Modern Humanities Research Association	,fla	,	,
10.5699/modelangrevi.106.3.0855,10.5699/modelangrevi.106.3.0855	,Review	,Alex Davis	,The Modern Language Review	,106	,3	,2011-07-01T00:00:00Z	,pp. 855-856	,Modern Humanities Research Association	,fla	,	,
10.5699/modelangrevi.106.2.0563,10.5699/modelangrevi.106.2.0563	,Review	,Francesca Magnabosco	,The Modern Language Review	,106	,2	,2011-04-01T00:00:00Z	,pp. 563-564	,Modern Humanities Research Association	,fla	,	,
10.5699/modelangrevi.107.1.0284,10.5699/modelangrevi.107.1.0284	,Review	,Leslie C. Brook	,The Modern Language Review	,107	,1	,2012-01-01T00:00:00Z	,pp. 284-285	,Modern Humanities Research Association	,fla	,	,
10.5699/modelangrevi.106.2.0619,10.5699/modelangrevi.106.2.0619	,Review	,Alexandra Smith	,The Modern Language Review	,106	,2	,2011-04-01T00:00:00Z	,pp. 619-621	,Modern Humanities Research Association	,fla	,	,
10.5699/modelangrevi.106.1.0219,10.5699/modelangrevi.106.1.0219	,Review	,Jeremy Tambling	,The Modern Language Review	,106	,1	,2011-01-01T00:00:00Z	,pp. 219-220	,Modern Humanities Research Association	,fla	,	,
10.5699/modelangrevi.106.3.0842,10.5699/modelangrevi.106.3.0842	,Review	,Adam J. Ledger	,The Modern Language Review	,106	,3	,2011-07-01T00:00:00Z	,pp. 842-844	,Modern Humanities Research Association	,fla	,	,
10.5699/modelangrevi.106.2.0520,10.5699/modelangrevi.106.2.0520	,Review	,Theodore Ziolkowski	,The Modern Language Review	,106	,2	,2011-04-01T00:00:00Z	,pp. 520-521	,Modern Humanities Research Association	,fla	,	,
10.5699/modelangrevi.106.1.0217,10.5699/modelangrevi.106.1.0217	,Review	,Ursula J. Fanning	,The Modern Language Review	,106	,1	,2011-01-01T00:00:00Z	,pp. 217-219	,Modern Humanities Research Association	,fla	,	,
10.5699/modelangrevi.106.1.0282,10.5699/modelangrevi.106.1.0282	,Review	,Florian Krobb	,The Modern Language Review	,106	,1	,2011-01-01T00:00:00Z	,pp. 282-284	,Modern Humanities Research Association	,fla	,	,
10.5699/modelangrevi.106.3.0908,10.5699/modelangrevi.106.3.0908	,Review	,Ingo Cornils	,The Modern Language Review	,106	,3	,2011-07-01T00:00:00Z	,pp. 908-910	,Modern Humanities Research Association	,fla	,	,
10.5699/modelangrevi.106.4.1154,10.5699/modelangrevi.106.4.1154	,Review	,Jean Blacker	,The Modern Language Review	,106	,4	,2011-10-01T00:00:00Z	,pp. 1154-1155	,Modern Humanities Research Association	,fla	,	,
10.5699/modelangrevi.106.3.0887,10.5699/modelangrevi.106.3.0887	,Review	,Corinna Salvadori Lonergan	,The Modern Language Review	,106	,3	,2011-07-01T00:00:00Z	,pp. 887-889	,Modern Humanities Research Association	,fla	,	,
10.5699/modelangrevi.107.1.0269,10.5699/modelangrevi.107.1.0269	,Review	,Allyna E. Ward	,The Modern Language Review	,107	,1	,2012-01-01T00:00:00Z	,pp. 269-271	,Modern Humanities Research Association	,fla	,	,
10.5699/modelangrevi.106.2.0551,10.5699/modelangrevi.106.2.0551	,Review	,Véronique Desnain	,The Modern Language Review	,106	,2	,2011-04-01T00:00:00Z	,pp. 551-552	,Modern Humanities Research Association	,fla	,	,
10.5699/modelangrevi.106.2.0614,10.5699/modelangrevi.106.2.0614	,Review	,Diane Oenning Thompson	,The Modern Language Review	,106	,2	,2011-04-01T00:00:00Z	,pp. 614-615	,Modern Humanities Research Association	,fla	,	,
10.5699/modelangrevi.106.1.0304,10.5699/modelangrevi.106.1.0304	,Review	,Zina Gimpelevich	,The Modern Language Review	,106	,1	,2011-01-01T00:00:00Z	,pp. 304-306	,Modern Humanities Research Association	,fla	,	,
10.5699/modelangrevi.106.1.0266,10.5699/modelangrevi.106.1.0266	,Review	,Gavin Bowd	,The Modern Language Review	,106	,1	,2011-01-01T00:00:00Z	,pp. 266-267	,Modern Humanities Research Association	,fla	,	,
10.5699/modelangrevi.106.1.0200,10.5699/modelangrevi.106.1.0200	,Review	,Edel Lamb	,The Modern Language Review	,106	,1	,2011-01-01T00:00:00Z	,pp. 200-202	,Modern Humanities Research Association	,fla	,	,
10.5699/modelangrevi.106.4.1174,10.5699/modelangrevi.106.4.1174	,Review	,Gigliola Sulis	,The Modern Language Review	,106	,4	,2011-10-01T00:00:00Z	,pp. 1174-1176	,Modern Humanities Research Association	,fla	,	,
10.5699/modelangrevi.107.1.0294,10.5699/modelangrevi.107.1.0294	,Review	,Simon Gilson	,The Modern Language Review	,107	,1	,2012-01-01T00:00:00Z	,p. 294	,Modern Humanities Research Association	,fla	,	,
10.5699/modelangrevi.106.1.0227,10.5699/modelangrevi.106.1.0227	,Review	,Tom Rutter	,The Modern Language Review	,106	,1	,2011-01-01T00:00:00Z	,pp. 227-228	,Modern Humanities Research Association	,fla	,	,
10.5699/modelangrevi.106.4.1193,10.5699/modelangrevi.106.4.1193	,Review	,Laura Bradley	,The Modern Language Review	,106	,4	,2011-10-01T00:00:00Z	,p. 1193	,Modern Humanities Research Association	,fla	,	,
10.5699/modelangrevi.107.1.0335,10.5699/modelangrevi.107.1.0335	,Review	,Andy Byford	,The Modern Language Review	,107	,1	,2012-01-01T00:00:00Z	,pp. 335-336	,Modern Humanities Research Association	,fla	,	,
10.5699/modelangrevi.106.2.0521,10.5699/modelangrevi.106.2.0521	,Review	,Andrew Breeze	,The Modern Language Review	,106	,2	,2011-04-01T00:00:00Z	,pp. 521-522	,Modern Humanities Research Association	,fla	,	,
10.5699/modelangrevi.106.3.0916,10.5699/modelangrevi.106.3.0916	,Review	,Ingo Cornils	,The Modern Language Review	,106	,3	,2011-07-01T00:00:00Z	,pp. 916-917	,Modern Humanities Research Association	,fla	,	,
10.5699/modelangrevi.106.1.0239,10.5699/modelangrevi.106.1.0239	,Review	,Adrian J. Wallbank	,The Modern Language Review	,106	,1	,2011-01-01T00:00:00Z	,pp. 239-240	,Modern Humanities Research Association	,fla	,	,
10.5699/modelangrevi.106.3.0921,10.5699/modelangrevi.106.3.0921	,Review	,Kirstin Gwyer	,The Modern Language Review	,106	,3	,2011-07-01T00:00:00Z	,pp. 921-922	,Modern Humanities Research Association	,fla	,	,
10.5699/modelangrevi.106.1.0202,10.5699/modelangrevi.106.1.0202	,Review	,Sabine Chaouche	,The Modern Language Review	,106	,1	,2011-01-01T00:00:00Z	,pp. 202-203	,Modern Humanities Research Association	,fla	,	,
10.5699/modelangrevi.106.1.0265,10.5699/modelangrevi.106.1.0265	,Review	,Joseph Acquisto	,The Modern Language Review	,106	,1	,2011-01-01T00:00:00Z	,pp. 265-266	,Modern Humanities Research Association	,fla	,	,
10.5699/modelangrevi.106.2.0528,10.5699/modelangrevi.106.2.0528	,Review	,Adrian J. Wallbank	,The Modern Language Review	,106	,2	,2011-04-01T00:00:00Z	,pp. 528-529	,Modern Humanities Research Association	,fla	,	,
10.5699/modelangrevi.106.3.0854,10.5699/modelangrevi.106.3.0854	,Review	,Richard Danson Brown	,The Modern Language Review	,106	,3	,2011-07-01T00:00:00Z	,pp. 854-855	,Modern Humanities Research Association	,fla	,	,
10.5699/modelangrevi.106.3.0923,10.5699/modelangrevi.106.3.0923	,Review	,Ruth J. Owen	,The Modern Language Review	,106	,3	,2011-07-01T00:00:00Z	,pp. 923-924	,Modern Humanities Research Association	,fla	,	,
10.5699/modelangrevi.106.2.0513,10.5699/modelangrevi.106.2.0513	,Review	,Jordan Finkin	,The Modern Language Review	,106	,2	,2011-04-01T00:00:00Z	,pp. 513-515	,Modern Humanities Research Association	,fla	,	,
10.5699/modelangrevi.106.1.0205,10.5699/modelangrevi.106.1.0205	,Review	,Alex Davis	,The Modern Language Review	,106	,1	,2011-01-01T00:00:00Z	,pp. 205-206	,Modern Humanities Research Association	,fla	,	,
10.5699/modelangrevi.107.1.0321,10.5699/modelangrevi.107.1.0321	,Review	,H. J. Hahn	,The Modern Language Review	,107	,1	,2012-01-01T00:00:00Z	,pp. 321-323	,Modern Humanities Research Association	,fla	,	,
10.5699/modelangrevi.106.2.0539,10.5699/modelangrevi.106.2.0539	,Review	,John Rignall	,The Modern Language Review	,106	,2	,2011-04-01T00:00:00Z	,pp. 539-541	,Modern Humanities Research Association	,fla	,	,
10.5699/modelangrevi.106.2.0609,10.5699/modelangrevi.106.2.0609	,Review	,Osman Durrani	,The Modern Language Review	,106	,2	,2011-04-01T00:00:00Z	,pp. 609-610	,Modern Humanities Research Association	,fla	,	,
10.5699/modelangrevi.107.1.0279,10.5699/modelangrevi.107.1.0279	,Review	,John Batchelor	,The Modern Language Review	,107	,1	,2012-01-01T00:00:00Z	,pp. 279-280	,Modern Humanities Research Association	,fla	,	,
10.5699/modelangrevi.106.1.0248,10.5699/modelangrevi.106.1.0248	,Review	,Marcus Waithe	,The Modern Language Review	,106	,1	,2011-01-01T00:00:00Z	,pp. 248-249	,Modern Humanities Research Association	,fla	,	,
10.5699/modelangrevi.106.1.0216,10.5699/modelangrevi.106.1.0216	,Review	,William Rowlandson	,The Modern Language Review	,106	,1	,2011-01-01T00:00:00Z	,pp. 216-217	,Modern Humanities Research Association	,fla	,	,
10.5699/modelangrevi.106.4.1161,10.5699/modelangrevi.106.4.1161	,Review	,Diana Holmes	,The Modern Language Review	,106	,4	,2011-10-01T00:00:00Z	,pp. 1161-1162	,Modern Humanities Research Association	,fla	,	,
10.5699/modelangrevi.106.4.1166,10.5699/modelangrevi.106.4.1166	,Review	,Catherine Rodgers	,The Modern Language Review	,106	,4	,2011-10-01T00:00:00Z	,pp. 1166-1167	,Modern Humanities Research Association	,fla	,	,
10.5699/modelangrevi.106.4.1159,10.5699/modelangrevi.106.4.1159	,Review	,Francesco Manzini	,The Modern Language Review	,106	,4	,2011-10-01T00:00:00Z	,pp. 1159-1160	,Modern Humanities Research Association	,fla	,	,
10.5699/modelangrevi.106.3.0924,10.5699/modelangrevi.106.3.0924	,Review	,Silke Arnold-de Simine	,The Modern Language Review	,106	,3	,2011-07-01T00:00:00Z	,pp. 924-925	,Modern Humanities Research Association	,fla	,	,
10.5699/modelangrevi.106.4.1132,10.5699/modelangrevi.106.4.1132	,Review	,Jeremy Tambling	,The Modern Language Review	,106	,4	,2011-10-01T00:00:00Z	,pp. 1132-1133	,Modern Humanities Research Association	,fla	,	,
10.5699/modelangrevi.106.3.0880,10.5699/modelangrevi.106.3.0880	,Review	,Olivia C. Harrison	,The Modern Language Review	,106	,3	,2011-07-01T00:00:00Z	,pp. 880-881	,Modern Humanities Research Association	,fla	,	,
10.5699/modelangrevi.106.1.0203,10.5699/modelangrevi.106.1.0203	,Review	,Elizabeth Boa	,The Modern Language Review	,106	,1	,2011-01-01T00:00:00Z	,pp. 203-204	,Modern Humanities Research Association	,fla	,	,
10.5699/modelangrevi.106.1.0229,10.5699/modelangrevi.106.1.0229	,Review	,Willy Maley	,The Modern Language Review	,106	,1	,2011-01-01T00:00:00Z	,pp. 229-230	,Modern Humanities Research Association	,fla	,	,
10.5699/modelangrevi.106.2.0533,10.5699/modelangrevi.106.2.0533	,Review	,William Baker	,The Modern Language Review	,106	,2	,2011-04-01T00:00:00Z	,pp. 533-534	,Modern Humanities Research Association	,fla	,	,
